v7,Category,Livery,Engine,Min ,max,Battery,Min ,max,Tyres,Min ,max,Brakes,Min ,max,Suspension,Min ,max,Chassis,Min ,max,Drive,Min ,max,Horn,Min ,max,Stunt Boost,Min ,max,BMS,Min ,max,Gears,Min,max
Car01,3,4,3,2,4,2,2,4,4,3,5,2,2,3,2,2,4,2,2,4,1,1,2,0,1,5,1,1,2,4,1,5,4,4,5
Car02,1,5,3,3,5,3,2,4,2,1,3,2,1,4,1,1,3,4,3,4,3,3,3,0,1,5,3,3,4,3,1,5,4,3,4
Car03,2,7,3,2,3,3,3,5,3,3,5,1,1,3,2,2,4,3,2,4,2,1,2,0,1,5,3,3,5,3,1,5,4,3,5
Car04,2,2,3,2,5,2,2,4,3,3,4,3,3,5,2,2,5,3,2,4,3,1,3,0,1,5,3,3,5,3,1,5,3,3,4
Car05,3,3,2,2,5,4,3,5,5,3,5,2,2,4,3,3,5,3,3,4,1,1,2,0,1,5,2,2,4,4,1,5,4,4,5
Car06,1,6,4,3,5,0,2,4,2,1,3,2,1,3,2,2,4,4,3,5,3,3,3,0,1,5,3,3,5,3,1,5,4,4,5
Car07,1,4,2,1,3,2,1,3,1,1,3,2,1,4,4,4,5,2,1,4,3,3,3,0,1,5,2,2,4,3,1,5,4,4,5
Car08,3,6,5,5,5,2,2,5,5,4,5,2,2,4,3,3,5,3,2,5,1,1,3,0,1,5,1,1,4,4,1,5,2,2,5
Car09,3,5,3,3,5,2,2,3,4,3,5,2,2,4,2,2,5,2,2,4,2,1,2,0,1,5,3,3,4,3,2,4,2,2,4
Car10,1,4,3,3,4,2,2,4,2,1,3,3,3,5,4,3,5,2,1,3,3,1,3,0,1,5,1,1,2,3,2,4,3,2,3
Car11,1,2,4,3,5,0,1,3,2,1,3,3,1,3,2,2,4,2,2,5,3,3,3,0,1,5,3,2,5,4,1,5,3,3,5
Car12,2,6,4,4,5,4,3,5,2,2,4,4,3,5,2,2,5,3,2,5,2,1,3,0,1,5,5,5,5,3,1,5,4,4,5
Car13,1,7,4,4,5,4,4,5,2,2,4,3,1,4,2,2,4,3,3,5,3,3,3,0,1,5,5,5,5,3,1,5,4,4,4
Car14,2,5,3,3,4,4,3,5,4,2,5,3,2,5,2,2,4,4,3,5,1,1,2,0,1,5,3,3,5,3,1,5,4,3,5
Car15,2,3,3,2,4,2,2,3,3,2,4,2,2,3,2,2,4,2,2,3,2,1,3,0,1,5,2,2,4,4,3,5,3,2,4
Car16,3,6,4,3,5,0,3,5,5,4,5,4,3,5,4,3,5,4,3,5,1,1,3,0,1,5,2,2,4,4,1,5,4,3,5
Car17,1,1,5,4,5,0,0,0,1,1,4,4,4,4,2,2,4,4,4,4,2,2,2,0,1,5,3,3,4,4,1,5,4,4,5
Car18,1,1,5,4,5,4,3,4,1,1,3,4,2,4,2,2,2,5,4,5,3,2,3,0,1,5,5,5,5,4,1,5,4,4,5
Car19,3,4,0,5,5,0,5,5,0,5,5,0,5,5,0,1,5,0,5,5,0,2,2,0,1,5,0,5,5,4,1,5,0,5,5
Car20,2,1,5,1,5,4,1,5,2,1,5,4,1,5,2,2,5,5,1,5,3,1,3,0,1,5,4,3,5,4,1,5,5,1,5
Car21,2,1,0,1,5,0,1,5,0,1,5,0,1,5,0,2,5,0,1,5,0,1,3,0,1,5,0,1,5,0,1,5,0,1,5
