v7,,Base Mass,Additive Mass,Track Front,Track Rear,Wheelbase,Length,Width,Height,Com A,Com B,Com H,Ride Height,Cm,Rpm Idle,Rpm Limit,Rpm Max,Max Torque,Torque Env,Drive Mode,Final Drive,Gears,Shift,Efficiency,4WD Split,GearCog1,GearCog2,GearCog3,GearCog4,GearCog5,GearCog6,GearCog7,GearCog8,Brake Bias,Brake Accel.,Radius ,Pressue,Travel in,Damping in,Stiffness in,Max Travel,Max Damp.,Max Stiff.,Tread,Tyre Envelope,Cs,Ck,Cd,Cl,Sensitivity,Acceleration,Steering angle,Max Fuel,Fuel Consumpt,Refuel Rate,Unit Mass,Rpm Acc,Rpm Max,Cm,Power Mult,Max Consump,Fuel Cut Off,Horn,Engine,Engine Idle,Engine Boost,Launchtime,Launch Tolerance,Launch Speed,Mat Rot Speed X,Mat Rot Speed Y,Brake Assist,Steer Assist,Bonus Livery,Strength
Car01,45000,120,0,126.59998,180,250,400,152,115,0.3,0.7,40,6,0.97,450,11350,11500,600,0,0,3.89,5,0.5,0.8,0.5,3.21,2.68,2.12,1.76,1.52,1.38,1.25,1.15,0.4,2.5,34.5,30,10,0.6,0.015,20,0.8,0.025,1,0,1,1,0.75,0.65,1,1.5,34,180,0.008,1.35,0.75,200,5000,0.9,0.5,0.035,0.3,1,1,1,1,0.3,0.0667,5000,8500,8500,0,0,0,0
Car02,15000,425,0,126.59998,180,250,400,152,115,0.6,0.4,35,9,0.97,600,14100,14400,600,0,0,3.89,5,0.5,0.8,0.5,4.5,3.8,2.95,2.4,1.85,1.6,1.4,1.2,0.4,2.5,34.5,30,10,0.6,0.015,20,0.8,0.025,1,0,1,1,1.15,0.2,1,1.5,28,170,0.008,1,1,200,5000,0.9,0.5,0.02,0.3,1,1,1,1,0.3,0.0667,5000,7500,7500,0,0,0,0
Car03,30000,240,0,126.59998,180,250,400,152,115,0.35,0.65,45,7,0.97,450,10250,10600,600,0,0,3.89,5,0.5,0.8,0.5,3.25,2.78,2.41,1.98,1.54,1.29,1.15,1.05,0.4,2.5,34.5,30,10,0.6,0.015,20,0.8,0.025,1,0,1,1,0.75,0.55,1,1.5,35,170,0.008,1,1,200,5000,0.9,0.5,0.02,0.3,1,1,1,1,0.3,0.0667,5000,12000,14000,0,0,0,0
Car04,35000,185,0,126.59998,180,250,400,152,115,0.3,0.7,40,14,0.97,500,12200,12650,600,0,0,3.89,5,0.5,0.8,0.5,3.2,2.64,2.15,1.81,1.52,1.36,1.22,1.15,0.4,2.5,34.5,30,16,0.6,0.015,30,0.8,0.025,1,0,1,1,0.8,0.5,1,1.5,40,170,0.008,1,1,200,5000,0.9,0.5,0.02,0.3,1,1,1,1,0.3,0.0667,5000,13500,13500,0,0,0,0
Car05,30000,180,0,126.59998,180,250,400,152,115,0.4,0.6,40,8,0.97,500,13000,13750,600,0,0,3.89,5,0.5,0.8,0.5,3.1,2.85,2.45,2.21,1.9,1.5,1.3,1.1,0.4,2.5,34.5,30,10,0.6,0.015,20,0.8,0.025,1,0,1,1,0.55,0.8,1,1.5,28,170,0.008,1,1,200,5000,0.9,0.5,0.02,0.3,1,1,1,1,0.3,0.0667,5000,7500,7500,0,0,0,0
Car06,30000,400,0,126.59998,180,250,400,152,115,0.6,0.4,30,8,0.98,150,13100,13450,600,0,0,3.89,5,0.5,0.8,0.5,3.42,2.98,2.57,2.21,1.84,1.56,1.36,1.2,0.4,2.5,34.5,30,10,0.6,0.015,20,0.8,0.025,1,0,1,1,1.15,0.3,1,1.5,32,140,0.007,1.25,0.8,200,5000,0.9,0.5,0.029,0.3,1,1,1,1,0.3,0.0667,5000,8500,8500,0,0,0,0
Car07,15000,190,0,126.59998,180,250,400,152,115,0.35,0.65,48,8,0.97,500,12250,12500,420,0,0,3.89,5,0.35,0.85,0.65,3.41,3.15,2.6,2.15,1.85,1.51,1.32,1.14,0.4,2.5,34.5,30,10,0.6,0.015,20,0.8,0.025,1,0,1,1,0.8,0.25,1,1.5,30,170,0.008,1,1,200,5000,0.9,0.5,0.02,0.3,1,1,1,1,0.3,0.0667,5000,14000,12000,0,0,0,0
Car08,50000,140,0,126.59998,180,250,400,152,115,0.4,0.6,40,16,0.97,800,13000,13400,600,0,0,3.89,5,0.5,0.8,0.5,3.28,2.75,2.26,1.84,1.6,1.39,1.25,1.18,0.4,2.5,34.5,30,10,0.6,0.015,20,0.8,0.025,1,0,1,1,1.1,0.9,1,1.5,35,170,0.008,1,1,200,5000,0.9,0.5,0.02,0.3,1,1,1,1,0.3,0.0667,5000,8500,8500,0,0,0,0
Car09,30000,200,0,126.59998,180,250,400,152,115,0.45,0.55,35,14,0.97,400,13800,14000,600,0,0,3.89,5,0.5,0.8,0.5,3.15,2.85,2.56,2,1.7,1.54,1.42,1.31,0.4,2.5,34.5,30,10,0.6,0.015,20,0.8,0.025,1,0,1,1,0.8,0.5,1,1.5,34,170,0.008,1.25,0.8,200,5000,0.9,0.5,0.02,0.3,1,1,1,1,0.3,0.0667,5000,8500,7500,0,0,0,0
Car10,30000,205,0,126.59998,180,250,400,152,115,0.35,0.65,40,10,0.97,500,13100,13350,600,0,0,3.89,5,0.5,0.8,0.5,3.25,2.82,2.31,1.95,1.65,1.4,1.2,1,0.4,2.5,34.5,30,10,0.6,0.015,20,0.8,0.025,1,0,1,1,0.8,0.4,1,1.5,32,170,0.008,1,1,200,5000,0.9,0.5,0.02,0.3,1,1,1,1,0.3,0.0667,5000,10800,10800,0,0,0,0
Car11,45000,335,0,126.59998,180,250,400,152,115,0.75,0.25,40,8,0.97,200,14500,15200,600,0,0,3.89,5,0.5,0.8,0.5,3.4,2.95,2.61,2.21,1.79,1.53,1.32,1.18,0.4,2.5,34.5,30,10,0.6,0.015,20,0.8,0.025,1,0,1,1,1.15,0.2,1,1.5,34,160,0.008,1.5,1,200,5000,0.9,0.5,0.025,0.3,1,1,1,1,0.3,0.0667,5000,8000,8000,0,0,0,0
Car12,30000,180,0,126.59998,180,250,400,152,115,0.4,0.6,40,14,0.97,450,11400,11650,600,0,0,3.89,5,0.5,0.8,0.5,3.2,2.81,2.35,1.74,1.51,1.34,1.28,1.2,0.4,2.5,34.5,30,10,0.6,0.015,20,0.8,0.025,1,0,1,1,0.85,0.48,1,1.5,30,170,0.008,1,1,200,5000,0.9,0.5,0.02,0.3,1,1,1,1,0.3,0.0667,5000,12000,10000,0,0,0,0
Car13,35000,260,0,126.59998,180,250,400,152,115,0.7,0.3,43,8,0.97,150,13200,13350,600,0,0,3.89,5,0.5,0.8,0.5,3.36,3.06,2.56,2,1.64,1.4,1.35,1.22,0.4,2.5,34.5,30,10,0.6,0.015,20,0.8,0.025,1,0,1,1,1.25,0.25,1,1.5,35,170,0.008,1,1,200,5000,0.9,0.5,0.02,0.3,1,1,1,1,0.3,0.0667,5000,7500,7500,0,0,0,0
Car14,15000,180,0,126.59998,180,250,400,152,115,0.35,0.65,40,11,0.97,750,12000,12350,600,0,0,3.89,5,0.5,0.8,0.5,3.22,2.85,2.51,2.1,1.7,1.45,1.31,1.2,0.4,2.5,34.5,30,10,0.6,0.015,20,0.8,0.025,1,0,1,1,0.88,0.35,1,1.5,35,170,0.008,1,1,200,5000,0.9,0.5,0.02,0.3,1,1,1,1,0.3,0.0667,5000,11500,11500,0,0,0,0
Car15,35000,195,0,126.59998,180,250,400,152,115,0.65,0.35,28,20,0.97,600,13450,13900,600,0,0,3.89,5,0.5,0.8,0.5,3.15,2.65,2.18,1.81,1.6,1.46,1.25,1.2,0.4,2.5,34.5,30,10,0.6,0.015,20,0.8,0.025,1,0,1,1,0.8,0.4,1,1.5,40,170,0.008,1,1,200,5000,0.9,0.5,0.02,0.3,1,1,1,1,0.3,0.0667,5000,15000,14000,0,0,0,0
Car16,50000,185,0,126.59998,180,250,400,152,115,0.6,0.4,35,8,0.97,150,14850,15000,600,0,0,3.89,5,0.5,0.8,0.5,3.54,3.21,2.85,2.51,2.1,1.76,1.42,1.25,0.4,2.5,34.5,30,10,0.6,0.015,20,0.8,0.025,1,0,1.3,1.4,0.65,1.15,1,1.5,32,150,0.008,1.3,2,200,5000,0.9,0.5,0.065,0.3,1,1,1,1,0.3,0.0667,5000,9000,9000,0,0,0,0
Car17,0,225,0,126.59998,180,250,400,152,115,0.8,0.2,35,8,0.97,500,12000,12250,600,0,0,3.89,5,0.5,0.8,0.5,3.36,3.06,2.56,2,1.64,1.5,1.45,1.4,0.4,2.5,34.5,30,10,0.6,0.015,20,0.8,0.025,1,0,1,1,1.3,0.1,1,1.5,22,200,0.0025,1.5,0.25,200,5000,0.9,0.5,0.035,0.3,1,1,1,1,0.3,0.0667,5000,8500,8500,0,0,0,0
Car18,0,350,0,126.59998,180,250,400,152,115,0.35,0.65,45,16,0.97,800,8600,8850,600,0,0,3.89,5,0.5,0.8,0.5,3.36,3.06,2.56,2,1.64,1,1,1,0.4,2.5,34.5,30,10,0.6,0.015,20,0.8,0.025,10,0,1.4,1.25,0.7,0.15,1,1.5,45,170,0.008,1,1,200,5000,0.9,0.5,0.02,0.3,1,1,1,1,0.3,0.0667,5000,12000,12000,0,0,0,0
Car19,0,140,0,126.59998,180,250,400,152,115,0.4,0.6,35,8,0.98,900,13000,13500,625,0,2,3.89,6,0.4,0.82,0.5,2.8,2.6,2.29,1.85,1.61,1.4,1.32,1.24,0.4,3,34.5,30,20,0.8,0.005,60,0.9,0.025,8,0,0.9,0.8,1.05,1.35,1,2.1,34,200,0.008,1.6,1,500,9000,0.92,1,0.02,0.3,1,3,1,1,0.45,0.0667,7000,8500,8500,0,0,0,0
Car20,0,275,0,126.59998,180,250,400,152,115,0.4,0.6,40,8,0.97,150,13000,13650,600,0,0,3.89,5,0.5,0.8,0.5,3.4,2.81,2.39,1.91,1.62,1.42,1.36,1.29,0.4,2.5,34.5,30,10,0.6,0.015,20,0.8,0.025,1,0,1,1,1.05,0.75,1,1.5,35,170,0.005,1,1,200,5000,0.9,0.5,0.02,0.3,1,1,1,1,0.3,0.0667,5000,10000,10000,0,0,0,0
Car21,0,275,0,126.59998,180,250,400,152,115,0.5,0.5,40,10,0.97,600,8500,9000,1000,3,2,3.89,5,0.5,0.8,0.5,4.36,1.89,1.26,1.08,0.9,0.8,0.7,0.6,0.4,2.5,34.5,30,20,0.8,0.05,20,0.8,0.05,3,0,2,2,4.9,1.4,1,2.5,40,75,0.005,1,1,200,5000,0.9,0.5,0.02,0.3,1,1,1,1,0.3,0.0667,5000,10000,10000,0,0,0,0
Engine01,40000,-99999,250,-99999,-99999,-99999,-99999,-99999,-99999,-99999,-99999,-99999,-99999,0.955,-99999,-99999,-99999,390,3,-99999,-99999,-99999,-99999,-99999,-99999,-99999,-99999,-99999,-99999,-99999,-99999,-99999,-99999,-99999,-99999,-99999,-99999,-99999,-99999,-99999,-99999,-99999,-99999,-99999,-99999,-99999,-99999,-99999,-99999,-99999,-99999,-99999,-99999,-99999,-99999,-99999,325,7000,0.92,-99999,-99999,0.275,-99999,0,0,0,-99999,-99999,-99999,-99999,-99999,-99999,-99999,5,-99999
Engine02,65000,-99999,220,-99999,-99999,-99999,-99999,-99999,-99999,-99999,-99999,-99999,-99999,0.96,-99999,-99999,-99999,435,3,-99999,-99999,-99999,-99999,-99999,-99999,-99999,-99999,-99999,-99999,-99999,-99999,-99999,-99999,-99999,-99999,-99999,-99999,-99999,-99999,-99999,-99999,-99999,-99999,-99999,-99999,-99999,-99999,-99999,-99999,-99999,-99999,-99999,-99999,-99999,-99999,-99999,375,7500,0.925,-99999,-99999,0.25,-99999,4,0,1,-99999,-99999,-99999,-99999,-99999,-99999,-99999,5,-99999
Engine03,95000,-99999,180,-99999,-99999,-99999,-99999,-99999,-99999,-99999,-99999,-99999,-99999,0.965,-99999,-99999,-99999,490,3,-99999,-99999,-99999,-99999,-99999,-99999,-99999,-99999,-99999,-99999,-99999,-99999,-99999,-99999,-99999,-99999,-99999,-99999,-99999,-99999,-99999,-99999,-99999,-99999,-99999,-99999,-99999,-99999,-99999,-99999,-99999,-99999,-99999,-99999,-99999,-99999,-99999,440,8000,0.93,-99999,-99999,0.2,-99999,1,1,2,-99999,-99999,-99999,-99999,-99999,-99999,-99999,5,-99999
Engine04,145000,-99999,160,-99999,-99999,-99999,-99999,-99999,-99999,-99999,-99999,-99999,-99999,0.97,-99999,-99999,-99999,525,3,-99999,-99999,-99999,-99999,-99999,-99999,-99999,-99999,-99999,-99999,-99999,-99999,-99999,-99999,-99999,-99999,-99999,-99999,-99999,-99999,-99999,-99999,-99999,-99999,-99999,-99999,-99999,-99999,-99999,-99999,-99999,-99999,-99999,-99999,-99999,-99999,-99999,500,8500,0.935,-99999,-99999,0.15,-99999,2,2,3,-99999,-99999,-99999,-99999,-99999,-99999,-99999,5,-99999
Engine05,220000,-99999,145,-99999,-99999,-99999,-99999,-99999,-99999,-99999,-99999,-99999,-99999,0.98,-99999,-99999,-99999,575,3,-99999,-99999,-99999,-99999,-99999,-99999,-99999,-99999,-99999,-99999,-99999,-99999,-99999,-99999,-99999,-99999,-99999,-99999,-99999,-99999,-99999,-99999,-99999,-99999,-99999,-99999,-99999,-99999,-99999,-99999,-99999,-99999,-99999,-99999,-99999,-99999,-99999,600,9000,0.94,-99999,-99999,0.1,-99999,3,3,4,-99999,-99999,-99999,-99999,-99999,-99999,-99999,5,-99999
Battery01,17500,-99999,275,-99999,-99999,-99999,-99999,-99999,-99999,-99999,-99999,-99999,-99999,-99999,-99999,-99999,-99999,-99999,-99999,-99999,-99999,-99999,-99999,-99999,-99999,-99999,-99999,-99999,-99999,-99999,-99999,-99999,-99999,-99999,-99999,-99999,-99999,-99999,-99999,-99999,-99999,-99999,-99999,-99999,-99999,-99999,-99999,-99999,-99999,-99999,-99999,-99999,115,0.01,1.15,-99999,-99999,-99999,-99999,-99999,0.045,-99999,-99999,-99999,-99999,-99999,-99999,-99999,-99999,-99999,-99999,-99999,-99999,6,-99999
Battery02,32000,-99999,180,-99999,-99999,-99999,-99999,-99999,-99999,-99999,-99999,-99999,-99999,-99999,-99999,-99999,-99999,-99999,-99999,-99999,-99999,-99999,-99999,-99999,-99999,-99999,-99999,-99999,-99999,-99999,-99999,-99999,-99999,-99999,-99999,-99999,-99999,-99999,-99999,-99999,-99999,-99999,-99999,-99999,-99999,-99999,-99999,-99999,-99999,-99999,-99999,-99999,135,0.009,1.3,-99999,-99999,-99999,-99999,-99999,0.04,-99999,-99999,-99999,-99999,-99999,-99999,-99999,-99999,-99999,-99999,-99999,-99999,6,-99999
Battery03,55000,-99999,105,-99999,-99999,-99999,-99999,-99999,-99999,-99999,-99999,-99999,-99999,-99999,-99999,-99999,-99999,-99999,-99999,-99999,-99999,-99999,-99999,-99999,-99999,-99999,-99999,-99999,-99999,-99999,-99999,-99999,-99999,-99999,-99999,-99999,-99999,-99999,-99999,-99999,-99999,-99999,-99999,-99999,-99999,-99999,-99999,-99999,-99999,-99999,-99999,-99999,150,0.008,1.5,-99999,-99999,-99999,-99999,-99999,0.0325,-99999,-99999,-99999,-99999,-99999,-99999,-99999,-99999,-99999,-99999,-99999,-99999,6,-99999
Battery04,75000,-99999,80,-99999,-99999,-99999,-99999,-99999,-99999,-99999,-99999,-99999,-99999,-99999,-99999,-99999,-99999,-99999,-99999,-99999,-99999,-99999,-99999,-99999,-99999,-99999,-99999,-99999,-99999,-99999,-99999,-99999,-99999,-99999,-99999,-99999,-99999,-99999,-99999,-99999,-99999,-99999,-99999,-99999,-99999,-99999,-99999,-99999,-99999,-99999,-99999,-99999,170,0.0065,1.75,-99999,-99999,-99999,-99999,-99999,0.0275,-99999,-99999,-99999,-99999,-99999,-99999,-99999,-99999,-99999,-99999,-99999,-99999,6,-99999
Battery05,150000,-99999,35,-99999,-99999,-99999,-99999,-99999,-99999,-99999,-99999,-99999,-99999,-99999,-99999,-99999,-99999,-99999,-99999,-99999,-99999,-99999,-99999,-99999,-99999,-99999,-99999,-99999,-99999,-99999,-99999,-99999,-99999,-99999,-99999,-99999,-99999,-99999,-99999,-99999,-99999,-99999,-99999,-99999,-99999,-99999,-99999,-99999,-99999,-99999,-99999,-99999,200,0.005,2,-99999,-99999,-99999,-99999,-99999,0.02,-99999,-99999,-99999,-99999,-99999,-99999,-99999,-99999,-99999,-99999,-99999,-99999,6,-99999
Tyres01,12500,-99999,100,-99999,-99999,-99999,-99999,-99999,-99999,-99999,-99999,-99999,-99999,-99999,-99999,-99999,-99999,-99999,-99999,-99999,-99999,-99999,-99999,-99999,-99999,-99999,-99999,-99999,-99999,-99999,-99999,-99999,-99999,-99999,-99999,-99999,-99999,-99999,-99999,-99999,-99999,-99999,-99999,10,0,1.55,1.4,-99999,-99999,-99999,-99999,-99999,-99999,-99999,-99999,-99999,-99999,-99999,-99999,-99999,-99999,-99999,-99999,-99999,-99999,-99999,-99999,-99999,-99999,-99999,-99999,-99999,-99999,3,-99999
Tyres02,13500,-99999,80,-99999,-99999,-99999,-99999,-99999,-99999,-99999,-99999,-99999,-99999,-99999,-99999,-99999,-99999,-99999,-99999,-99999,-99999,-99999,-99999,-99999,-99999,-99999,-99999,-99999,-99999,-99999,-99999,-99999,-99999,-99999,-99999,-99999,-99999,-99999,-99999,-99999,-99999,-99999,-99999,2,0,1.35,1.2,-99999,-99999,-99999,-99999,-99999,-99999,-99999,-99999,-99999,-99999,-99999,-99999,-99999,-99999,-99999,-99999,-99999,-99999,-99999,-99999,-99999,-99999,-99999,-99999,-99999,-99999,3,-99999
Tyres03,15000,-99999,60,-99999,-99999,-99999,-99999,-99999,-99999,-99999,-99999,-99999,-99999,-99999,-99999,-99999,-99999,-99999,-99999,-99999,-99999,-99999,-99999,-99999,-99999,-99999,-99999,-99999,-99999,-99999,-99999,-99999,-99999,-99999,-99999,-99999,-99999,-99999,-99999,-99999,-99999,-99999,-99999,4,0,1.12,1,-99999,-99999,-99999,-99999,-99999,-99999,-99999,-99999,-99999,-99999,-99999,-99999,-99999,-99999,-99999,-99999,-99999,-99999,-99999,-99999,-99999,-99999,-99999,-99999,-99999,-99999,3,-99999
Tyres04,18750,-99999,50,-99999,-99999,-99999,-99999,-99999,-99999,-99999,-99999,-99999,-99999,-99999,-99999,-99999,-99999,-99999,-99999,-99999,-99999,-99999,-99999,-99999,-99999,-99999,-99999,-99999,-99999,-99999,-99999,-99999,-99999,-99999,-99999,-99999,-99999,-99999,-99999,-99999,-99999,-99999,-99999,7,0,0.9,0.9,-99999,-99999,-99999,-99999,-99999,-99999,-99999,-99999,-99999,-99999,-99999,-99999,-99999,-99999,-99999,-99999,-99999,-99999,-99999,-99999,-99999,-99999,-99999,-99999,-99999,-99999,3,-99999
Tyres05,25000,-99999,40,-99999,-99999,-99999,-99999,-99999,-99999,-99999,-99999,-99999,-99999,-99999,-99999,-99999,-99999,-99999,-99999,-99999,-99999,-99999,-99999,-99999,-99999,-99999,-99999,-99999,-99999,-99999,-99999,-99999,-99999,-99999,-99999,-99999,-99999,-99999,-99999,-99999,-99999,-99999,-99999,8,0,0.75,0.8,-99999,-99999,-99999,-99999,-99999,-99999,-99999,-99999,-99999,-99999,-99999,-99999,-99999,-99999,-99999,-99999,-99999,-99999,-99999,-99999,-99999,-99999,-99999,-99999,-99999,-99999,3,-99999
Brakes01,10000,-99999,125,-99999,-99999,-99999,-99999,-99999,-99999,-99999,-99999,-99999,-99999,-99999,-99999,-99999,-99999,-99999,-99999,-99999,-99999,-99999,-99999,-99999,-99999,-99999,-99999,-99999,-99999,-99999,-99999,-99999,-99999,0.55,2,-99999,-99999,-99999,-99999,-99999,-99999,-99999,-99999,-99999,-99999,-99999,-99999,-99999,-99999,-99999,-99999,-99999,-99999,-99999,-99999,-99999,-99999,-99999,-99999,-99999,-99999,-99999,-99999,-99999,-99999,-99999,-99999,-99999,-99999,-99999,-99999,-99999,-99999,4,-99999
Brakes02,17500,-99999,110,-99999,-99999,-99999,-99999,-99999,-99999,-99999,-99999,-99999,-99999,-99999,-99999,-99999,-99999,-99999,-99999,-99999,-99999,-99999,-99999,-99999,-99999,-99999,-99999,-99999,-99999,-99999,-99999,-99999,-99999,0.45,2.15,-99999,-99999,-99999,-99999,-99999,-99999,-99999,-99999,-99999,-99999,-99999,-99999,-99999,-99999,-99999,-99999,-99999,-99999,-99999,-99999,-99999,-99999,-99999,-99999,-99999,-99999,-99999,-99999,-99999,-99999,-99999,-99999,-99999,-99999,-99999,-99999,-99999,-99999,4,-99999
Brakes03,28000,-99999,85,-99999,-99999,-99999,-99999,-99999,-99999,-99999,-99999,-99999,-99999,-99999,-99999,-99999,-99999,-99999,-99999,-99999,-99999,-99999,-99999,-99999,-99999,-99999,-99999,-99999,-99999,-99999,-99999,-99999,-99999,0.35,2.3,-99999,-99999,-99999,-99999,-99999,-99999,-99999,-99999,-99999,-99999,-99999,-99999,-99999,-99999,-99999,-99999,-99999,-99999,-99999,-99999,-99999,-99999,-99999,-99999,-99999,-99999,-99999,-99999,-99999,-99999,-99999,-99999,-99999,-99999,-99999,-99999,-99999,-99999,4,-99999
Brakes04,45000,-99999,60,-99999,-99999,-99999,-99999,-99999,-99999,-99999,-99999,-99999,-99999,-99999,-99999,-99999,-99999,-99999,-99999,-99999,-99999,-99999,-99999,-99999,-99999,-99999,-99999,-99999,-99999,-99999,-99999,-99999,-99999,0.38,2.5,-99999,-99999,-99999,-99999,-99999,-99999,-99999,-99999,-99999,-99999,-99999,-99999,-99999,-99999,-99999,-99999,-99999,-99999,-99999,-99999,-99999,-99999,-99999,-99999,-99999,-99999,-99999,-99999,-99999,-99999,-99999,-99999,-99999,-99999,-99999,-99999,-99999,-99999,4,-99999
Brakes05,60000,-99999,40,-99999,-99999,-99999,-99999,-99999,-99999,-99999,-99999,-99999,-99999,-99999,-99999,-99999,-99999,-99999,-99999,-99999,-99999,-99999,-99999,-99999,-99999,-99999,-99999,-99999,-99999,-99999,-99999,-99999,-99999,0.4,3,-99999,-99999,-99999,-99999,-99999,-99999,-99999,-99999,-99999,-99999,-99999,-99999,-99999,-99999,-99999,-99999,-99999,-99999,-99999,-99999,-99999,-99999,-99999,-99999,-99999,-99999,-99999,-99999,-99999,-99999,-99999,-99999,-99999,-99999,-99999,-99999,-99999,-99999,4,-99999
Suspension01,10000,-99999,120,-99999,-99999,-99999,-99999,-99999,-99999,-99999,-99999,-99999,-99999,-99999,-99999,-99999,-99999,-99999,-99999,-99999,-99999,-99999,-99999,-99999,-99999,-99999,-99999,-99999,-99999,-99999,-99999,-99999,-99999,-99999,-99999,-99999,-99999,38,0.75,0.015,48,0.85,0.025,-99999,-99999,-99999,-99999,-99999,-99999,-99999,-99999,-99999,-99999,-99999,-99999,-99999,-99999,-99999,-99999,-99999,-99999,-99999,-99999,-99999,-99999,-99999,-99999,-99999,-99999,-99999,-99999,-99999,-99999,4,-99999
Suspension02,22500,-99999,110,-99999,-99999,-99999,-99999,-99999,-99999,-99999,-99999,-99999,-99999,-99999,-99999,-99999,-99999,-99999,-99999,-99999,-99999,-99999,-99999,-99999,-99999,-99999,-99999,-99999,-99999,-99999,-99999,-99999,-99999,-99999,-99999,-99999,-99999,26,0.7,0.015,35,0.8,0.025,-99999,-99999,-99999,-99999,-99999,-99999,-99999,-99999,-99999,-99999,-99999,-99999,-99999,-99999,-99999,-99999,-99999,-99999,-99999,-99999,-99999,-99999,-99999,-99999,-99999,-99999,-99999,-99999,-99999,-99999,4,-99999
Suspension03,45000,-99999,100,-99999,-99999,-99999,-99999,-99999,-99999,-99999,-99999,-99999,-99999,-99999,-99999,-99999,-99999,-99999,-99999,-99999,-99999,-99999,-99999,-99999,-99999,-99999,-99999,-99999,-99999,-99999,-99999,-99999,-99999,-99999,-99999,-99999,-99999,18,0.6,0.015,28,0.75,0.025,-99999,-99999,-99999,-99999,-99999,-99999,-99999,-99999,-99999,-99999,-99999,-99999,-99999,-99999,-99999,-99999,-99999,-99999,-99999,-99999,-99999,-99999,-99999,-99999,-99999,-99999,-99999,-99999,-99999,-99999,4,-99999
Suspension04,80000,-99999,90,-99999,-99999,-99999,-99999,-99999,-99999,-99999,-99999,-99999,-99999,-99999,-99999,-99999,-99999,-99999,-99999,-99999,-99999,-99999,-99999,-99999,-99999,-99999,-99999,-99999,-99999,-99999,-99999,-99999,-99999,-99999,-99999,-99999,-99999,12,0.5,0.015,20,0.7,0.025,-99999,-99999,-99999,-99999,-99999,-99999,-99999,-99999,-99999,-99999,-99999,-99999,-99999,-99999,-99999,-99999,-99999,-99999,-99999,-99999,-99999,-99999,-99999,-99999,-99999,-99999,-99999,-99999,-99999,-99999,4,-99999
Suspension05,110000,-99999,75,-99999,-99999,-99999,-99999,-99999,-99999,-99999,-99999,-99999,-99999,-99999,-99999,-99999,-99999,-99999,-99999,-99999,-99999,-99999,-99999,-99999,-99999,-99999,-99999,-99999,-99999,-99999,-99999,-99999,-99999,-99999,-99999,-99999,-99999,10,0.45,0.015,16,0.6,0.025,-99999,-99999,-99999,-99999,-99999,-99999,-99999,-99999,-99999,-99999,-99999,-99999,-99999,-99999,-99999,-99999,-99999,-99999,-99999,-99999,-99999,-99999,-99999,-99999,-99999,-99999,-99999,-99999,-99999,-99999,4,-99999
Chassis01,14000,-99999,220,-99999,-99999,-99999,-99999,-99999,-99999,-99999,-99999,-99999,-99999,-99999,-99999,-99999,-99999,-99999,-99999,-99999,-99999,-99999,-99999,0.65,-99999,-99999,-99999,-99999,-99999,-99999,-99999,-99999,-99999,-99999,-99999,-99999,-99999,-99999,-99999,-99999,-99999,-99999,-99999,-99999,-99999,-99999,-99999,-99999,-99999,1.4,1.25,-99999,-99999,-99999,-99999,-99999,-99999,-99999,-99999,-99999,-99999,-99999,-99999,-99999,-99999,-99999,-99999,-99999,-99999,-99999,-99999,-99999,-99999,2,1
Chassis02,27500,-99999,160,-99999,-99999,-99999,-99999,-99999,-99999,-99999,-99999,-99999,-99999,-99999,-99999,-99999,-99999,-99999,-99999,-99999,-99999,-99999,-99999,0.68,-99999,-99999,-99999,-99999,-99999,-99999,-99999,-99999,-99999,-99999,-99999,-99999,-99999,-99999,-99999,-99999,-99999,-99999,-99999,-99999,-99999,-99999,-99999,-99999,-99999,1.3,1.35,-99999,-99999,-99999,-99999,-99999,-99999,-99999,-99999,-99999,-99999,-99999,-99999,-99999,-99999,-99999,-99999,-99999,-99999,-99999,-99999,-99999,-99999,2,1
Chassis03,45000,-99999,110,-99999,-99999,-99999,-99999,-99999,-99999,-99999,-99999,-99999,-99999,-99999,-99999,-99999,-99999,-99999,-99999,-99999,-99999,-99999,-99999,0.7,-99999,-99999,-99999,-99999,-99999,-99999,-99999,-99999,-99999,-99999,-99999,-99999,-99999,-99999,-99999,-99999,-99999,-99999,-99999,-99999,-99999,-99999,-99999,-99999,-99999,1.2,1.5,-99999,-99999,-99999,-99999,-99999,-99999,-99999,-99999,-99999,-99999,-99999,-99999,-99999,-99999,-99999,-99999,-99999,-99999,-99999,-99999,-99999,-99999,2,1
Chassis04,62000,-99999,85,-99999,-99999,-99999,-99999,-99999,-99999,-99999,-99999,-99999,-99999,-99999,-99999,-99999,-99999,-99999,-99999,-99999,-99999,-99999,-99999,0.75,-99999,-99999,-99999,-99999,-99999,-99999,-99999,-99999,-99999,-99999,-99999,-99999,-99999,-99999,-99999,-99999,-99999,-99999,-99999,-99999,-99999,-99999,-99999,-99999,-99999,1.1,1.75,-99999,-99999,-99999,-99999,-99999,-99999,-99999,-99999,-99999,-99999,-99999,-99999,-99999,-99999,-99999,-99999,-99999,-99999,-99999,-99999,-99999,-99999,2,1
Chassis05,98000,-99999,35,-99999,-99999,-99999,-99999,-99999,-99999,-99999,-99999,-99999,-99999,-99999,-99999,-99999,-99999,-99999,-99999,-99999,-99999,-99999,-99999,0.82,-99999,-99999,-99999,-99999,-99999,-99999,-99999,-99999,-99999,-99999,-99999,-99999,-99999,-99999,-99999,-99999,-99999,-99999,-99999,-99999,-99999,-99999,-99999,-99999,-99999,1,2.1,-99999,-99999,-99999,-99999,-99999,-99999,-99999,-99999,-99999,-99999,-99999,-99999,-99999,-99999,-99999,-99999,-99999,-99999,-99999,-99999,-99999,-99999,2,1
Drive01,40000,-99999,45,-99999,-99999,-99999,-99999,-99999,-99999,-99999,-99999,-99999,-99999,-99999,-99999,-99999,-99999,-99999,-99999,1,-99999,-99999,-99999,-99999,-99999,-99999,-99999,-99999,-99999,-99999,-99999,-99999,-99999,-99999,-99999,-99999,-99999,-99999,-99999,-99999,-99999,-99999,-99999,-99999,-99999,-99999,-99999,-99999,-99999,-99999,-99999,-99999,-99999,-99999,-99999,-99999,-99999,-99999,-99999,-99999,-99999,-99999,-99999,-99999,-99999,-99999,-99999,-99999,-99999,-99999,-99999,-99999,-99999,2,-99999
Drive02,55000,-99999,60,-99999,-99999,-99999,-99999,-99999,-99999,-99999,-99999,-99999,-99999,-99999,-99999,-99999,-99999,-99999,-99999,0,-99999,-99999,-99999,-99999,-99999,-99999,-99999,-99999,-99999,-99999,-99999,-99999,-99999,-99999,-99999,-99999,-99999,-99999,-99999,-99999,-99999,-99999,-99999,-99999,-99999,-99999,-99999,-99999,-99999,-99999,-99999,-99999,-99999,-99999,-99999,-99999,-99999,-99999,-99999,-99999,-99999,-99999,-99999,-99999,-99999,-99999,-99999,-99999,-99999,-99999,-99999,-99999,-99999,2,-99999
Drive03,90000,-99999,85,-99999,-99999,-99999,-99999,-99999,-99999,-99999,-99999,-99999,-99999,-99999,-99999,-99999,-99999,-99999,-99999,2,-99999,-99999,-99999,-99999,-99999,-99999,-99999,-99999,-99999,-99999,-99999,-99999,-99999,-99999,-99999,-99999,-99999,-99999,-99999,-99999,-99999,-99999,-99999,-99999,-99999,-99999,-99999,-99999,-99999,-99999,-99999,-99999,-99999,-99999,-99999,-99999,-99999,-99999,-99999,-99999,-99999,-99999,-99999,-99999,-99999,-99999,-99999,-99999,-99999,-99999,-99999,-99999,-99999,2,-99999
Horns01,2500,-99999,15,-99999,-99999,-99999,-99999,-99999,-99999,-99999,-99999,-99999,-99999,-99999,-99999,-99999,-99999,-99999,-99999,-99999,-99999,-99999,-99999,-99999,-99999,-99999,-99999,-99999,-99999,-99999,-99999,-99999,-99999,-99999,-99999,-99999,-99999,-99999,-99999,-99999,-99999,-99999,-99999,-99999,-99999,-99999,-99999,-99999,-99999,-99999,-99999,-99999,-99999,-99999,-99999,-99999,-99999,-99999,-99999,-99999,-99999,-99999,0,-99999,-99999,-99999,-99999,-99999,-99999,-99999,-99999,-99999,-99999,6,-99999
Horns02,4500,-99999,20,-99999,-99999,-99999,-99999,-99999,-99999,-99999,-99999,-99999,-99999,-99999,-99999,-99999,-99999,-99999,-99999,-99999,-99999,-99999,-99999,-99999,-99999,-99999,-99999,-99999,-99999,-99999,-99999,-99999,-99999,-99999,-99999,-99999,-99999,-99999,-99999,-99999,-99999,-99999,-99999,-99999,-99999,-99999,-99999,-99999,-99999,-99999,-99999,-99999,-99999,-99999,-99999,-99999,-99999,-99999,-99999,-99999,-99999,-99999,0,-99999,-99999,-99999,-99999,-99999,-99999,-99999,-99999,-99999,-99999,6,-99999
Horns03,6500,-99999,40,-99999,-99999,-99999,-99999,-99999,-99999,-99999,-99999,-99999,-99999,-99999,-99999,-99999,-99999,-99999,-99999,-99999,-99999,-99999,-99999,-99999,-99999,-99999,-99999,-99999,-99999,-99999,-99999,-99999,-99999,-99999,-99999,-99999,-99999,-99999,-99999,-99999,-99999,-99999,-99999,-99999,-99999,-99999,-99999,-99999,-99999,-99999,-99999,-99999,-99999,-99999,-99999,-99999,-99999,-99999,-99999,-99999,-99999,-99999,0,-99999,-99999,-99999,-99999,-99999,-99999,-99999,-99999,-99999,-99999,6,-99999
Horns04,8000,-99999,65,-99999,-99999,-99999,-99999,-99999,-99999,-99999,-99999,-99999,-99999,-99999,-99999,-99999,-99999,-99999,-99999,-99999,-99999,-99999,-99999,-99999,-99999,-99999,-99999,-99999,-99999,-99999,-99999,-99999,-99999,-99999,-99999,-99999,-99999,-99999,-99999,-99999,-99999,-99999,-99999,-99999,-99999,-99999,-99999,-99999,-99999,-99999,-99999,-99999,-99999,-99999,-99999,-99999,-99999,-99999,-99999,-99999,-99999,-99999,0,-99999,-99999,-99999,-99999,-99999,-99999,-99999,-99999,-99999,-99999,6,-99999
Horns05,10000,-99999,80,-99999,-99999,-99999,-99999,-99999,-99999,-99999,-99999,-99999,-99999,-99999,-99999,-99999,-99999,-99999,-99999,-99999,-99999,-99999,-99999,-99999,-99999,-99999,-99999,-99999,-99999,-99999,-99999,-99999,-99999,-99999,-99999,-99999,-99999,-99999,-99999,-99999,-99999,-99999,-99999,-99999,-99999,-99999,-99999,-99999,-99999,-99999,-99999,-99999,-99999,-99999,-99999,-99999,-99999,-99999,-99999,-99999,-99999,-99999,0,-99999,-99999,-99999,-99999,-99999,-99999,-99999,-99999,-99999,-99999,6,-99999
StuntBoost01,18500,-99999,50,-99999,-99999,-99999,-99999,-99999,-99999,-99999,-99999,-99999,-99999,-99999,-99999,-99999,-99999,-99999,-99999,-99999,-99999,-99999,-99999,-99999,-99999,-99999,-99999,-99999,-99999,-99999,-99999,-99999,-99999,-99999,-99999,-99999,-99999,-99999,-99999,-99999,-99999,-99999,-99999,-99999,-99999,-99999,-99999,-99999,-99999,-99999,-99999,-99999,-99999,-99999,-99999,-99999,-99999,-99999,-99999,0.75,-99999,-99999,-99999,-99999,-99999,-99999,0.3,0.0667,3500,-99999,-99999,-99999,-99999,7,-99999
StuntBoost02,35000,-99999,75,-99999,-99999,-99999,-99999,-99999,-99999,-99999,-99999,-99999,-99999,-99999,-99999,-99999,-99999,-99999,-99999,-99999,-99999,-99999,-99999,-99999,-99999,-99999,-99999,-99999,-99999,-99999,-99999,-99999,-99999,-99999,-99999,-99999,-99999,-99999,-99999,-99999,-99999,-99999,-99999,-99999,-99999,-99999,-99999,-99999,-99999,-99999,-99999,-99999,-99999,-99999,-99999,-99999,-99999,-99999,-99999,0.85,-99999,-99999,-99999,-99999,-99999,-99999,0.35,0.0667,4200,-99999,-99999,-99999,-99999,7,-99999
StuntBoost03,62000,-99999,90,-99999,-99999,-99999,-99999,-99999,-99999,-99999,-99999,-99999,-99999,-99999,-99999,-99999,-99999,-99999,-99999,-99999,-99999,-99999,-99999,-99999,-99999,-99999,-99999,-99999,-99999,-99999,-99999,-99999,-99999,-99999,-99999,-99999,-99999,-99999,-99999,-99999,-99999,-99999,-99999,-99999,-99999,-99999,-99999,-99999,-99999,-99999,-99999,-99999,-99999,-99999,-99999,-99999,-99999,-99999,-99999,0.9,-99999,-99999,-99999,-99999,-99999,-99999,0.35,0.0667,5000,-99999,-99999,-99999,-99999,7,-99999
StuntBoost04,95000,-99999,120,-99999,-99999,-99999,-99999,-99999,-99999,-99999,-99999,-99999,-99999,-99999,-99999,-99999,-99999,-99999,-99999,-99999,-99999,-99999,-99999,-99999,-99999,-99999,-99999,-99999,-99999,-99999,-99999,-99999,-99999,-99999,-99999,-99999,-99999,-99999,-99999,-99999,-99999,-99999,-99999,-99999,-99999,-99999,-99999,-99999,-99999,-99999,-99999,-99999,-99999,-99999,-99999,-99999,-99999,-99999,-99999,0.95,-99999,-99999,-99999,-99999,-99999,-99999,0.4,0.0667,5750,-99999,-99999,-99999,-99999,7,-99999
StuntBoost05,150000,-99999,165,-99999,-99999,-99999,-99999,-99999,-99999,-99999,-99999,-99999,-99999,-99999,-99999,-99999,-99999,-99999,-99999,-99999,-99999,-99999,-99999,-99999,-99999,-99999,-99999,-99999,-99999,-99999,-99999,-99999,-99999,-99999,-99999,-99999,-99999,-99999,-99999,-99999,-99999,-99999,-99999,-99999,-99999,-99999,-99999,-99999,-99999,-99999,-99999,-99999,-99999,-99999,-99999,-99999,-99999,-99999,-99999,1,-99999,-99999,-99999,-99999,-99999,-99999,0.45,0.0667,7000,-99999,-99999,-99999,-99999,7,-99999
Bms01,5000,-99999,75,-99999,-99999,-99999,-99999,-99999,-99999,-99999,-99999,-99999,-99999,-99999,-99999,-99999,-99999,-99999,-99999,-99999,-99999,-99999,-99999,-99999,-99999,-99999,-99999,-99999,-99999,-99999,-99999,-99999,-99999,-99999,-99999,-99999,-99999,-99999,-99999,-99999,-99999,-99999,-99999,-99999,-99999,-99999,-99999,-99999,-99999,-99999,-99999,-99999,-99999,-99999,-99999,-99999,-99999,-99999,-99999,-99999,-99999,-99999,-99999,-99999,-99999,-99999,-99999,-99999,-99999,-99999,-99999,3,2,7,-99999
Bms02,10000,-99999,50,-99999,-99999,-99999,-99999,-99999,-99999,-99999,-99999,-99999,-99999,-99999,-99999,-99999,-99999,-99999,-99999,-99999,-99999,-99999,-99999,-99999,-99999,-99999,-99999,-99999,-99999,-99999,-99999,-99999,-99999,-99999,-99999,-99999,-99999,-99999,-99999,-99999,-99999,-99999,-99999,-99999,-99999,-99999,-99999,-99999,-99999,-99999,-99999,-99999,-99999,-99999,-99999,-99999,-99999,-99999,-99999,-99999,-99999,-99999,-99999,-99999,-99999,-99999,-99999,-99999,-99999,-99999,-99999,3,1,7,-99999
Bms03,20000,-99999,35,-99999,-99999,-99999,-99999,-99999,-99999,-99999,-99999,-99999,-99999,-99999,-99999,-99999,-99999,-99999,-99999,-99999,-99999,-99999,-99999,-99999,-99999,-99999,-99999,-99999,-99999,-99999,-99999,-99999,-99999,-99999,-99999,-99999,-99999,-99999,-99999,-99999,-99999,-99999,-99999,-99999,-99999,-99999,-99999,-99999,-99999,-99999,-99999,-99999,-99999,-99999,-99999,-99999,-99999,-99999,-99999,-99999,-99999,-99999,-99999,-99999,-99999,-99999,-99999,-99999,-99999,-99999,-99999,2,1,7,-99999
Bms04,45000,-99999,25,-99999,-99999,-99999,-99999,-99999,-99999,-99999,-99999,-99999,-99999,-99999,-99999,-99999,-99999,-99999,-99999,-99999,-99999,-99999,-99999,-99999,-99999,-99999,-99999,-99999,-99999,-99999,-99999,-99999,-99999,-99999,-99999,-99999,-99999,-99999,-99999,-99999,-99999,-99999,-99999,-99999,-99999,-99999,-99999,-99999,-99999,-99999,-99999,-99999,-99999,-99999,-99999,-99999,-99999,-99999,-99999,-99999,-99999,-99999,-99999,-99999,-99999,-99999,-99999,-99999,-99999,-99999,-99999,1,1,7,-99999
Bms05,85000,-99999,10,-99999,-99999,-99999,-99999,-99999,-99999,-99999,-99999,-99999,-99999,-99999,-99999,-99999,-99999,-99999,-99999,-99999,-99999,-99999,-99999,-99999,-99999,-99999,-99999,-99999,-99999,-99999,-99999,-99999,-99999,-99999,-99999,-99999,-99999,-99999,-99999,-99999,-99999,-99999,-99999,-99999,-99999,-99999,-99999,-99999,-99999,-99999,-99999,-99999,-99999,-99999,-99999,-99999,-99999,-99999,-99999,-99999,-99999,-99999,-99999,-99999,-99999,-99999,-99999,-99999,-99999,-99999,-99999,0,0,7,-99999
Gears01,20000,-99999,100,-99999,-99999,-99999,-99999,-99999,-99999,-99999,-99999,-99999,-99999,-99999,-99999,-99999,-99999,-99999,-99999,-99999,-99999,4,0.7,-99999,0.5,-99999,-99999,-99999,-99999,-99999,-99999,-99999,-99999,-99999,-99999,-99999,-99999,-99999,-99999,-99999,-99999,-99999,-99999,-99999,-99999,-99999,-99999,-99999,-99999,-99999,-99999,-99999,-99999,-99999,-99999,-99999,-99999,-99999,-99999,-99999,-99999,-99999,-99999,-99999,-99999,-99999,-99999,-99999,-99999,-99999,-99999,-99999,-99999,4,-99999
Gears02,41000,-99999,85,-99999,-99999,-99999,-99999,-99999,-99999,-99999,-99999,-99999,-99999,-99999,-99999,-99999,-99999,-99999,-99999,-99999,-99999,5,0.64,-99999,0.5,-99999,-99999,-99999,-99999,-99999,-99999,-99999,-99999,-99999,-99999,-99999,-99999,-99999,-99999,-99999,-99999,-99999,-99999,-99999,-99999,-99999,-99999,-99999,-99999,-99999,-99999,-99999,-99999,-99999,-99999,-99999,-99999,-99999,-99999,-99999,-99999,-99999,-99999,-99999,-99999,-99999,-99999,-99999,-99999,-99999,-99999,-99999,-99999,4,-99999
Gears03,62000,-99999,60,-99999,-99999,-99999,-99999,-99999,-99999,-99999,-99999,-99999,-99999,-99999,-99999,-99999,-99999,-99999,-99999,-99999,-99999,5,0.57,-99999,0.5,-99999,-99999,-99999,-99999,-99999,-99999,-99999,-99999,-99999,-99999,-99999,-99999,-99999,-99999,-99999,-99999,-99999,-99999,-99999,-99999,-99999,-99999,-99999,-99999,-99999,-99999,-99999,-99999,-99999,-99999,-99999,-99999,-99999,-99999,-99999,-99999,-99999,-99999,-99999,-99999,-99999,-99999,-99999,-99999,-99999,-99999,-99999,-99999,4,-99999
Gears04,96000,-99999,45,-99999,-99999,-99999,-99999,-99999,-99999,-99999,-99999,-99999,-99999,-99999,-99999,-99999,-99999,-99999,-99999,-99999,-99999,6,0.5,-99999,0.5,-99999,-99999,-99999,-99999,-99999,-99999,-99999,-99999,-99999,-99999,-99999,-99999,-99999,-99999,-99999,-99999,-99999,-99999,-99999,-99999,-99999,-99999,-99999,-99999,-99999,-99999,-99999,-99999,-99999,-99999,-99999,-99999,-99999,-99999,-99999,-99999,-99999,-99999,-99999,-99999,-99999,-99999,-99999,-99999,-99999,-99999,-99999,-99999,4,-99999
Gears05,140000,-99999,30,-99999,-99999,-99999,-99999,-99999,-99999,-99999,-99999,-99999,-99999,-99999,-99999,-99999,-99999,-99999,-99999,-99999,-99999,6,0.4,-99999,0.5,-99999,-99999,-99999,-99999,-99999,-99999,-99999,-99999,-99999,-99999,-99999,-99999,-99999,-99999,-99999,-99999,-99999,-99999,-99999,-99999,-99999,-99999,-99999,-99999,-99999,-99999,-99999,-99999,-99999,-99999,-99999,-99999,-99999,-99999,-99999,-99999,-99999,-99999,-99999,-99999,-99999,-99999,-99999,-99999,-99999,-99999,-99999,-99999,4,-99999
