pmd_file,material_index,polygon_references,flags_hex,flags_byte,contact_type_low_nibble,grip_byte,grip_scalar_raw,grip_scalar_after_type10_override,rolling_byte_raw,roughness_byte_raw
track1.PMD,0,2710,0x01,1,1,64,1.000000,1.000000,1,0
track1.PMD,1,233,0x01,1,1,80,1.250000,1.250000,1,0
track1.PMD,2,113,0x0A,10,10,64,1.000000,4.000000,1,0
track1.PMD,3,36,0x81,129,1,64,1.000000,1.000000,1,0
track2.PMD,0,2548,0x01,1,1,64,1.000000,1.000000,1,0
track2.PMD,1,24,0x84,132,4,51,0.796875,0.796875,32,80
track2.PMD,2,12,0x81,129,1,64,1.000000,1.000000,1,0
track2.PMD,3,30,0x81,129,1,64,1.000000,1.000000,1,160
track2.PMD,4,1,0x81,129,1,64,1.000000,1.000000,1,250
track2.PMD,5,640,0x01,1,1,80,1.250000,1.250000,1,0
track2.PMD,6,113,0x0A,10,10,64,1.000000,4.000000,1,0
track3.PMD,0,2593,0x01,1,1,64,1.000000,1.000000,1,0
track3.PMD,1,113,0x0A,10,10,64,1.000000,4.000000,1,0
track3.PMD,2,80,0x01,1,1,80,1.250000,1.250000,1,0
track3.PMD,3,24,0x41,65,1,64,1.000000,1.000000,1,0
track3.PMD,4,111,0x84,132,4,51,0.796875,0.796875,32,80
track3.PMD,5,46,0x81,129,1,64,1.000000,1.000000,1,160
track3.PMD,6,12,0x81,129,1,64,1.000000,1.000000,1,0
track3.PMD,7,1,0x81,129,1,64,1.000000,1.000000,1,250
track4.PMD,0,37,0x81,129,1,64,1.000000,1.000000,1,0
track4.PMD,1,1887,0x01,1,1,64,1.000000,1.000000,1,0
track4.PMD,2,315,0x01,1,1,80,1.250000,1.250000,1,0
track4.PMD,3,113,0x0A,10,10,64,1.000000,4.000000,1,0
track5.PMD,0,2517,0x01,1,1,64,1.000000,1.000000,1,0
track5.PMD,1,113,0x0A,10,10,64,1.000000,4.000000,1,0
track5.PMD,2,80,0x01,1,1,80,1.250000,1.250000,1,0
track5.PMD,3,24,0x41,65,1,64,1.000000,1.000000,1,0
track5.PMD,4,20,0x81,129,1,64,1.000000,1.000000,1,0
track5.PMD,5,6,0x84,132,4,64,1.000000,1.000000,1,0
track5m.PMD,0,2221,0x01,1,1,64,1.000000,1.000000,1,0
track5m.PMD,1,113,0x0A,10,10,64,1.000000,4.000000,1,0
track5m.PMD,2,80,0x01,1,1,80,1.250000,1.250000,1,0
track5m.PMD,3,24,0x41,65,1,64,1.000000,1.000000,1,0
track5m.PMD,4,20,0x81,129,1,64,1.000000,1.000000,1,0
track5m.PMD,5,6,0x84,132,4,64,1.000000,1.000000,1,0
track6.PMD,0,105,0x81,129,1,38,0.593750,0.593750,250,160
track6.PMD,1,268,0x01,1,1,64,1.000000,1.000000,1,1
track6.PMD,2,15,0x02,2,2,51,0.796875,0.796875,128,80
track6.PMD,3,1093,0x01,1,1,64,1.000000,1.000000,1,0
track6.PMD,4,84,0x01,1,1,51,0.796875,0.796875,64,64
track6.PMD,5,11,0x81,129,1,64,1.000000,1.000000,1,0
track6.PMD,6,211,0x01,1,1,80,1.250000,1.250000,1,0
track6.PMD,7,113,0x0A,10,10,64,1.000000,4.000000,1,0
track6m.PMD,0,1093,0x01,1,1,64,1.000000,1.000000,1,0
track6m.PMD,1,211,0x01,1,1,80,1.250000,1.250000,1,0
track6m.PMD,2,82,0x81,129,1,38,0.593750,0.593750,250,160
track6m.PMD,3,191,0x01,1,1,64,1.000000,1.000000,1,1
track6m.PMD,4,113,0x0A,10,10,64,1.000000,4.000000,1,0
track6m.PMD,5,15,0x02,2,2,51,0.796875,0.796875,128,80
track6m.PMD,6,84,0x01,1,1,51,0.796875,0.796875,64,64
track6m.PMD,7,11,0x81,129,1,64,1.000000,1.000000,1,0
track7.PMD,0,1544,0x01,1,1,64,1.000000,1.000000,1,0
track7.PMD,1,600,0x02,2,2,51,0.796875,0.796875,175,80
track7.PMD,2,122,0x02,2,2,44,0.687500,0.687500,175,160
track7.PMD,3,14,0x02,2,2,51,0.796875,0.796875,80,80
track7.PMD,4,236,0x02,2,2,64,1.000000,1.000000,175,160
track7.PMD,5,50,0x02,2,2,51,0.796875,0.796875,128,80
track7.PMD,6,280,0x01,1,1,51,0.796875,0.796875,64,64
track7.PMD,7,113,0x0A,10,10,64,1.000000,4.000000,1,0
track7.PMD,8,64,0x01,1,1,80,1.250000,1.250000,1,0
track7.PMD,9,12,0x41,65,1,64,1.000000,1.000000,1,0
track7.PMD,10,270,0x01,1,1,64,1.000000,1.000000,1,1
track7.PMD,11,48,0x81,129,1,38,0.593750,0.593750,250,160
track7.PMD,12,11,0x81,129,1,64,1.000000,1.000000,1,0
track8.PMD,0,791,0x01,1,1,64,1.000000,1.000000,1,0
track8.PMD,1,586,0x02,2,2,51,0.796875,0.796875,175,80
track8.PMD,2,710,0x02,2,2,44,0.687500,0.687500,175,160
track8.PMD,3,12,0x02,2,2,51,0.796875,0.796875,80,80
track8.PMD,4,308,0x01,1,1,51,0.796875,0.796875,64,64
track8.PMD,5,10,0x02,2,2,64,1.000000,1.000000,1,80
track8.PMD,6,331,0x02,2,2,64,1.000000,1.000000,175,160
track8.PMD,7,60,0x02,2,2,51,0.796875,0.796875,128,80
track8.PMD,8,113,0x0A,10,10,64,1.000000,4.000000,1,0
track8.PMD,9,26,0x81,129,1,38,0.593750,0.593750,250,160
track8.PMD,10,258,0x01,1,1,64,1.000000,1.000000,1,1
track8.PMD,11,11,0x81,129,1,64,1.000000,1.000000,1,0
track9.PMD,0,17,0x01,1,1,0,0.000000,0.000000,0,0
track9.PMD,1,66,0x81,129,1,64,1.000000,1.000000,1,0
track9.PMD,2,2900,0x01,1,1,64,1.000000,1.000000,1,0
track9.PMD,3,28,0x84,132,4,51,0.796875,0.796875,80,128
track9.PMD,4,76,0x01,1,1,80,1.250000,1.250000,1,0
track9.PMD,5,113,0x0A,10,10,64,1.000000,4.000000,1,0
track10.PMD,0,16,0x01,1,1,0,0.000000,0.000000,0,0
track10.PMD,1,2493,0x01,1,1,64,1.000000,1.000000,1,0
track10.PMD,2,66,0x81,129,1,64,1.000000,1.000000,1,0
track10.PMD,3,28,0x84,132,4,51,0.796875,0.796875,80,128
track10.PMD,4,220,0x01,1,1,80,1.250000,1.250000,1,0
track10.PMD,5,113,0x0A,10,10,64,1.000000,4.000000,1,0
track11.PMD,0,226,0x01,1,1,64,1.000000,1.000000,1,1
track11.PMD,1,177,0x81,129,1,38,0.593750,0.593750,250,160
track11.PMD,2,2248,0x01,1,1,64,1.000000,1.000000,1,0
track11.PMD,3,128,0x01,1,1,25,0.390625,0.390625,1,0
track11.PMD,4,66,0x41,65,1,64,1.000000,1.000000,1,0
track11.PMD,5,40,0x01,1,1,80,1.250000,1.250000,1,0
track11.PMD,6,12,0x21,33,1,128,2.000000,2.000000,1,0
track11.PMD,7,113,0x0A,10,10,64,1.000000,4.000000,1,0
track11.PMD,8,11,0x81,129,1,64,1.000000,1.000000,1,0
track11.PMD,9,35,0x81,129,1,64,1.000000,1.000000,1,1
track12.PMD,0,2240,0x01,1,1,64,1.000000,1.000000,1,0
track12.PMD,1,346,0x01,1,1,80,1.250000,1.250000,1,0
track12.PMD,2,18,0x21,33,1,128,2.000000,2.000000,1,0
track12.PMD,3,113,0x0A,10,10,64,1.000000,4.000000,1,0
track12.PMD,4,26,0x81,129,1,38,0.593750,0.593750,250,160
track12.PMD,5,273,0x01,1,1,64,1.000000,1.000000,1,1
track12.PMD,6,11,0x81,129,1,64,1.000000,1.000000,1,0
track12.PMD,7,5,0x01,1,1,0,0.000000,0.000000,0,0
track13.PMD,0,150,0x81,129,1,64,1.000000,1.000000,1,0
track13.PMD,1,1430,0x01,1,1,64,1.000000,1.000000,1,0
track13.PMD,2,303,0x01,1,1,80,1.250000,1.250000,1,0
track13.PMD,3,113,0x0A,10,10,64,1.000000,4.000000,1,0
track13m.PMD,0,140,0x81,129,1,64,1.000000,1.000000,1,0
track13m.PMD,1,1224,0x01,1,1,64,1.000000,1.000000,1,0
track13m.PMD,2,303,0x01,1,1,80,1.250000,1.250000,1,0
track13m.PMD,3,113,0x0A,10,10,64,1.000000,4.000000,1,0
track14.PMD,0,3173,0x01,1,1,64,1.000000,1.000000,1,0
track14.PMD,1,40,0x01,1,1,80,1.250000,1.250000,1,0
track14.PMD,2,12,0x41,65,1,64,1.000000,1.000000,1,0
track14.PMD,3,113,0x0A,10,10,64,1.000000,4.000000,1,0
track14.PMD,4,46,0x81,129,1,64,1.000000,1.000000,1,0
track14.PMD,5,36,0x84,132,4,64,1.000000,1.000000,1,0
track15.PMD,0,320,0x01,1,1,64,1.000000,1.000000,1,1
track15.PMD,1,1827,0x01,1,1,64,1.000000,1.000000,1,0
track15.PMD,2,57,0x21,33,1,192,3.000000,3.000000,1,0
track15.PMD,3,113,0x0A,10,10,64,1.000000,4.000000,1,0
track15.PMD,4,156,0x81,129,1,38,0.593750,0.593750,250,160
track15.PMD,5,11,0x81,129,1,64,1.000000,1.000000,1,0
track15m.PMD,0,158,0x81,129,1,38,0.593750,0.593750,250,160
track15m.PMD,1,198,0x01,1,1,64,1.000000,1.000000,1,1
track15m.PMD,2,11,0x81,129,1,64,1.000000,1.000000,1,0
track15m.PMD,3,1659,0x01,1,1,64,1.000000,1.000000,1,0
track15m.PMD,4,57,0x21,33,1,192,3.000000,3.000000,1,0
track15m.PMD,5,113,0x0A,10,10,64,1.000000,4.000000,1,0
track16.PMD,0,2248,0x01,1,1,64,1.000000,1.000000,1,0
track16.PMD,1,92,0x81,129,1,64,1.000000,1.000000,1,0
track16.PMD,2,159,0x01,1,1,80,1.250000,1.250000,1,0
track16.PMD,3,113,0x0A,10,10,64,1.000000,4.000000,1,0
track17.PMD,0,2731,0x01,1,1,64,1.000000,1.000000,1,0
track17.PMD,1,24,0x01,1,1,80,1.250000,1.250000,1,0
track17.PMD,2,24,0x84,132,4,51,0.796875,0.796875,32,80
track17.PMD,3,12,0x81,129,1,64,1.000000,1.000000,1,0
track17.PMD,4,30,0x81,129,1,64,1.000000,1.000000,1,160
track17.PMD,5,1,0x81,129,1,64,1.000000,1.000000,1,250
track17.PMD,6,377,0x03,3,3,51,0.796875,0.796875,175,80
track17.PMD,7,152,0x03,3,3,64,1.000000,1.000000,175,160
track17.PMD,8,304,0x03,3,3,44,0.687500,0.687500,175,160
track17.PMD,9,12,0x03,3,3,51,0.796875,0.796875,80,80
track17.PMD,10,112,0x01,1,1,51,0.796875,0.796875,64,64
track17.PMD,11,25,0x03,3,3,51,0.796875,0.796875,128,80
track17.PMD,12,19,0x21,33,1,64,1.000000,1.000000,1,0
track17.PMD,13,113,0x0A,10,10,64,1.000000,4.000000,1,0
track18.PMD,0,3379,0x01,1,1,64,1.000000,1.000000,1,0
track18.PMD,1,194,0x01,1,1,80,1.250000,1.250000,1,0
track18.PMD,2,150,0x81,129,1,64,1.000000,1.000000,1,0
track18.PMD,3,113,0x0A,10,10,64,1.000000,4.000000,1,0
track19.PMD,0,2110,0x01,1,1,64,1.000000,1.000000,1,0
track19.PMD,1,327,0x01,1,1,64,1.000000,1.000000,1,1
track19.PMD,2,84,0x81,129,1,38,0.593750,0.593750,250,160
track19.PMD,3,11,0x81,129,1,64,1.000000,1.000000,1,0
track19.PMD,4,432,0x02,2,2,51,0.796875,0.796875,175,80
track19.PMD,5,138,0x02,2,2,64,1.000000,1.000000,175,160
track19.PMD,6,193,0x02,2,2,44,0.687500,0.687500,175,160
track19.PMD,7,16,0x02,2,2,51,0.796875,0.796875,80,80
track19.PMD,8,162,0x01,1,1,80,1.250000,1.250000,1,0
track19.PMD,9,100,0x21,33,1,128,2.000000,2.000000,1,0
track19.PMD,10,8,0x21,33,1,64,1.000000,1.000000,1,0
track19.PMD,11,10,0x02,2,2,51,0.796875,0.796875,128,80
track19.PMD,12,56,0x01,1,1,51,0.796875,0.796875,64,64
track19.PMD,13,113,0x0A,10,10,64,1.000000,4.000000,1,0
track20.PMD,0,2244,0x01,1,1,64,1.000000,1.000000,1,0
track20.PMD,1,24,0x84,132,4,51,0.796875,0.796875,32,80
track20.PMD,2,12,0x81,129,1,64,1.000000,1.000000,1,0
track20.PMD,3,30,0x81,129,1,64,1.000000,1.000000,1,160
track20.PMD,4,204,0x03,3,3,51,0.796875,0.796875,175,80
track20.PMD,5,60,0x03,3,3,64,1.000000,1.000000,175,160
track20.PMD,6,74,0x03,3,3,44,0.687500,0.687500,175,160
track20.PMD,7,1,0x81,129,1,64,1.000000,1.000000,1,250
track20.PMD,8,214,0x01,1,1,80,1.250000,1.250000,1,0
track20.PMD,9,8,0x03,3,3,51,0.796875,0.796875,80,80
track20.PMD,10,196,0x01,1,1,51,0.796875,0.796875,64,64
track20.PMD,11,20,0x03,3,3,51,0.796875,0.796875,128,80
track20.PMD,12,105,0x0A,10,10,64,1.000000,4.000000,1,0
track21.PMD,0,1693,0x01,1,1,64,1.000000,1.000000,1,0
track21.PMD,1,62,0x21,33,1,64,1.000000,1.000000,1,0
track21.PMD,2,113,0x0A,10,10,64,1.000000,4.000000,1,0
track21.PMD,3,256,0x01,1,1,25,0.390625,0.390625,1,0
track21.PMD,4,108,0x41,65,1,64,1.000000,1.000000,1,0
track21.PMD,5,92,0x81,129,1,64,1.000000,1.000000,1,0
track22.PMD,0,1984,0x01,1,1,64,1.000000,1.000000,1,0
track22.PMD,1,113,0x0A,10,10,64,1.000000,4.000000,1,0
track22.PMD,2,97,0x01,1,1,80,1.250000,1.250000,1,0
track22.PMD,3,54,0x41,65,1,64,1.000000,1.000000,1,0
track22.PMD,4,128,0x01,1,1,25,0.390625,0.390625,1,0
track22.PMD,5,92,0x81,129,1,64,1.000000,1.000000,1,0
track23.PMD,0,2084,0x01,1,1,64,1.000000,1.000000,1,0
track23.PMD,1,353,0x01,1,1,80,1.250000,1.250000,1,0
track23.PMD,2,113,0x0A,10,10,64,1.000000,4.000000,1,0
track23.PMD,3,150,0x81,129,1,64,1.000000,1.000000,1,0
track23m.PMD,0,1770,0x01,1,1,64,1.000000,1.000000,1,0
track23m.PMD,1,140,0x81,129,1,64,1.000000,1.000000,1,0
track23m.PMD,2,353,0x01,1,1,80,1.250000,1.250000,1,0
track23m.PMD,3,113,0x0A,10,10,64,1.000000,4.000000,1,0
track24.PMD,0,2762,0x01,1,1,64,1.000000,1.000000,1,0
track24.PMD,1,425,0x01,1,1,80,1.250000,1.250000,1,0
track24.PMD,2,113,0x0A,10,10,64,1.000000,4.000000,1,0
track24.PMD,3,36,0x81,129,1,64,1.000000,1.000000,1,0
